1,Calv,Huckin,chuckin0@indiatimes.com,stumbleupon.com,1978-07-14,RTuvX94Jxb
2,Cornie,Cecere,ccecere1@telegraph.co.uk,odnoklassniki.ru,1981-03-22,QXEbzQxkRQq
3,Torey,Dopson,tdopson2@geocities.jp,cloudflare.com,1973-10-16,i34kzrFMxl9
4,Carlin,Halgarth,chalgarth3@europa.eu,baidu.com,1951-04-26,ch10YoGJL
5,Paddie,Ritzman,pritzman4@japanpost.jp,si.edu,1981-11-16,Re4Iu2
6,Caz,Lukes,clukes5@tinypic.com,pen.io,1999-11-30,7W6ETck4u4Of
7,Sarina,MacAlpin,smacalpin6@list-manage.com,indiatimes.com,1969-01-20,K7CLLX7fTjD
8,Lynette,Iglesias,liglesias7@bbb.org,about.com,1984-04-14,q58fW1N
9,Betteann,Crabbe,bcrabbe8@cocolog-nifty.com,google.ca,1988-12-23,DIGJH02
10,Quintina,Yanson,qyanson9@cdc.gov,surveymonkey.com,1972-09-17,J61Uc07yakeK
11,Dermot,Kydd,dkydda@intel.com,apple.com,1985-11-10,qbabkdQv
12,Farrand,Pargetter,fpargetterb@hatena.ne.jp,google.pl,1953-12-21,lNC6ShRvET3T
13,Towny,Mulholland,tmulhollandc@mashable.com,wufoo.com,1977-01-07,SXpwu9
14,Lindsy,Priddie,lpriddied@nsw.gov.au,engadget.com,1961-02-13,jAmssu8n
15,Aluin,Elis,aelise@aol.com,pbs.org,1952-06-16,XbaFPZ
16,Darb,Mogey,dmogeyf@gnu.org,harvard.edu,1993-03-15,Ucp2la2fVV
17,Roshelle,Klimp,rklimpg@princeton.edu,chicagotribune.com,1955-02-17,orbHl5jGCY
18,Jorry,Stormont,jstormonth@de.vu,simplemachines.org,1964-03-27,HZKUz8
19,Gerrie,Albany,galbanyi@toplist.cz,marriott.com,1954-12-26,GpKfnk
20,Sinclair,Melior,smeliorj@phpbb.com,chicagotribune.com,1988-06-09,dc6plrODI
21,Eveline,Saladin,esaladink@weibo.com,github.io,1962-06-27,S5e1ENq
22,Calvin,Kirkness,ckirknessl@mysql.com,unc.edu,1976-10-06,8rNHm0
23,Brit,Alessandretti,balessandrettim@gizmodo.com,oaic.gov.au,1965-08-07,eN9rppl3pHTB
24,Norry,Netherwood,nnetherwoodn@va.gov,answers.com,1957-01-10,fjKD9qU
25,Tye,Corp,tcorpo@elegantthemes.com,godaddy.com,1975-01-02,hlOZGljCF6
26,Zach,Amber,zamberp@pbs.org,sogou.com,1977-06-20,u8QcFXrY
27,Kort,DeMitris,kdemitrisq@cnn.com,admin.ch,1958-03-19,G8fCduVP
28,Anastassia,Vallance,avallancer@usatoday.com,smh.com.au,1954-02-11,HN4yvx1
29,Candide,VonWelden,cvonweldens@last.fm,list-manage.com,1965-10-21,9WsPWMa
30,Ki,Shotter,kshottert@reference.com,networksolutions.com,1996-10-28,0FbWNI
31,Malanie,Bengall,mbengallu@patch.com,deliciousdays.com,1999-07-11,u68KK4nr
32,Mahmud,Stanbra,mstanbrav@nydailynews.com,multiply.com,1964-04-10,jfKQF0G7K
33,Jeremias,Eloi,jeloiw@joomla.org,census.gov,1983-12-08,m198qJN
34,Rutledge,Savory,rsavoryx@e-recht24.de,businessweek.com,1954-01-08,w7nPSrs1Q
35,Jaine,Alexandrescu,jalexandrescuy@bigcartel.com,toplist.cz,1981-08-03,kmF3SXzZsTQ
36,Corabelle,Swepstone,cswepstonez@ebay.co.uk,parallels.com,1963-03-18,5QSR6Iz
37,Idelle,Tythe,itythe10@wordpress.com,wordpress.org,1981-12-31,moFhUE
38,Miller,Guilford,mguilford11@webmd.com,imageshack.us,1982-11-30,dPef6OvCsJy
39,Joan,Yokelman,jyokelman12@vk.com,blog.com,1989-06-21,XbltLy
40,Cathryn,Palin,cpalin13@printfriendly.com,reddit.com,1969-11-23,dYyYq5ISKJx
41,Laurella,Meates,lmeates14@skyrock.com,naver.com,1992-07-11,Sex6eG1INoeo
42,Lynda,Stiell,lstiell15@skype.com,studiopress.com,1956-07-24,lD3EBFAwpZ
43,Tine,Keely,tkeely16@nature.com,xinhuanet.com,1993-03-12,2vRg7dB
44,Hyacinthie,Punton,hpunton17@cbslocal.com,pbs.org,1998-09-22,TCWg1e
45,Larry,Godfray,lgodfray18@bluehost.com,hc360.com,1993-03-16,JXI3HrUWVk
46,Andrew,Eckery,aeckery19@phoca.cz,wunderground.com,1982-12-13,vybYDkeK0n3
47,Solly,Joanic,sjoanic1a@netscape.com,shinystat.com,1965-10-30,BnMERo3
48,Ashly,Dring,adring1b@tripod.com,geocities.jp,1963-03-31,Q1OmPB4t
49,Vincenz,Brewster,vbrewster1c@utexas.edu,go.com,1959-05-09,tVKUtH9Uc8
50,Keene,Cristofvao,kcristofvao1d@jugem.jp,bloglines.com,1952-10-04,Ff31FUrDZbA
51,Jilleen,Ruggier,jruggier1e@unblog.fr,sina.com.cn,1962-10-04,IiTCIMULF
52,Emalia,MacCurtain,emaccurtain1f@cdc.gov,va.gov,1957-08-10,NcM1OYGqO
53,Terrence,McGonagle,tmcgonagle1g@youtu.be,china.com.cn,1993-05-21,wvkxKnJ
54,Dev,Abba,dabba1h@ehow.com,dedecms.com,1961-08-12,9Vn0TWmTkU3
55,Grissel,Lindman,glindman1i@dropbox.com,yahoo.com,1951-05-30,qM9cDKRdMiK0
56,Sinclare,Queripel,squeripel1j@unicef.org,meetup.com,1991-07-31,w9KdMi
57,Oberon,Starcks,ostarcks1k@com.com,reddit.com,1994-12-10,qIqATFfeSR
58,Bruce,Rasper,brasper1l@pbs.org,mozilla.com,1958-10-09,97DNiG6I
59,Edsel,Cleveland,ecleveland1m@amazon.de,spiegel.de,1959-12-24,6hHLmhZKw
60,Denver,Tocknell,dtocknell1n@desdev.cn,loc.gov,1977-06-09,U1iGFdA
61,Celestina,Hallwood,challwood1o@joomla.org,soup.io,1993-03-25,BvUOW3HdeMT
62,Byron,Eschelle,beschelle1p@google.ru,yahoo.com,1995-02-07,CxICudwPL
63,Deeanne,Foskin,dfoskin1q@yahoo.co.jp,ted.com,1975-10-10,dYUDodnTIxTn
64,Ado,Duddle,aduddle1r@people.com.cn,sphinn.com,1950-05-20,cUDcqg
65,Cordelie,Slate,cslate1s@nytimes.com,webnode.com,1984-11-20,wGGpPcp
66,Starla,Williamson,swilliamson1t@tinyurl.com,jalbum.net,1972-11-03,iC14p3f0
67,Wolfie,McPhillips,wmcphillips1u@yellowbook.com,drupal.org,1998-10-30,zkutEPSBV
68,Ennis,Olenin,eolenin1v@salon.com,geocities.com,1965-07-25,2gthxz1RJSN
69,Rhoda,Marmion,rmarmion1w@yahoo.co.jp,google.com.br,1979-07-15,skk7QLz
70,Hank,Spalls,hspalls1x@cargocollective.com,purevolume.com,1983-11-22,Gj6GPfoPUpfA
71,Ketti,Lack,klack1y@deviantart.com,slate.com,1963-09-12,hvrRhaf
72,Jacqui,Nudd,jnudd1z@marketwatch.com,ucla.edu,1996-11-19,kjEMNLphnv
73,Renard,Ruckman,rruckman20@instagram.com,tinypic.com,1992-06-26,Q0mk2bO
74,Donny,McRill,dmcrill21@yandex.ru,blogger.com,1984-01-29,iD5CWF
75,Luis,Gwillyam,lgwillyam22@mit.edu,wikimedia.org,1976-05-15,VIr0scnDcaJ
76,Lucienne,Winear,lwinear23@thetimes.co.uk,devhub.com,1999-06-19,lXdKz1USSm
77,Dugald,Quested,dquested24@geocities.com,dell.com,1983-05-10,o3gWT8
78,Mallissa,Dyer,mdyer25@sina.com.cn,nasa.gov,1966-06-01,xSR2Woe
79,Kendal,Kobpac,kkobpac26@engadget.com,yandex.ru,1989-03-24,hxNdaLXk
80,Brita,Catherick,bcatherick27@sbwire.com,oracle.com,1992-04-13,IHl0JSWYK6ir
81,Doretta,Stickney,dstickney28@dion.ne.jp,yellowpages.com,1990-11-14,9v8REFp
82,Shanie,Ville,sville29@altervista.org,nbcnews.com,1999-05-23,r0kOuTuK1uAl
83,Zebulon,Rochester,zrochester2a@symantec.com,google.com,1962-07-10,CkROS3yoerg
84,Perrine,Mylchreest,pmylchreest2b@webnode.com,behance.net,1958-09-23,7RGvFIznzadY
85,Joellyn,Nowakowski,jnowakowski2c@europa.eu,paginegialle.it,1976-08-21,rAHOf8yuYRS
86,Thayne,Duchart,tduchart2d@purevolume.com,ftc.gov,1958-11-06,XjAHiSKG79f
87,Anita,Dubose,adubose2e@linkedin.com,shareasale.com,1999-02-19,oVlsNaTMM4I
88,Kathye,Cockings,kcockings2f@storify.com,nature.com,1957-03-01,aXjvIQsj
89,Travus,Bolter,tbolter2g@abc.net.au,apache.org,1966-09-27,6LKN068DyMK
90,Kelsey,Blance,kblance2h@yahoo.co.jp,princeton.edu,1979-11-24,APo2zXOT6ZNg
91,Raymond,Rolin,rrolin2i@typepad.com,mozilla.com,1956-08-09,bcAVbD4ZhVlJ
92,Ricoriki,McGee,rmcgee2j@uol.com.br,umn.edu,1999-11-29,A3jiFldXgl
93,Ario,Gemmell,agemmell2k@sbwire.com,reuters.com,1979-04-07,F6XP9A
94,Dannie,Begley,dbegley2l@cpanel.net,umn.edu,1964-07-06,qA3oXnyoH5
95,Hatty,Corton,hcorton2m@webnode.com,si.edu,1960-09-29,VIYsXHxqdD
96,Ara,Speak,aspeak2n@webeden.co.uk,oakley.com,1958-09-05,BL0cfbZ
97,Britney,Harrold,bharrold2o@ftc.gov,printfriendly.com,1973-11-16,uu3Q5F0gTD
98,Damita,Ades,dades2p@usatoday.com,dot.gov,1960-02-07,Tf1v7xuunf4V
99,Annamaria,Thumim,athumim2q@latimes.com,amazon.co.uk,1997-10-05,yTkTsFm4Bndl
100,Selinda,Scottini,sscottini2r@vinaora.com,php.net,1994-10-08,9Uvn0wX4
101,Henka,Paradyce,hparadyce2s@apple.com,unblog.fr,1954-08-16,bz9nIE0IV7
102,Leelah,Cauldwell,lcauldwell2t@pagesperso-orange.fr,stanford.edu,1996-09-04,wLfUnTQc84Wk
103,Sarita,Heed,sheed2u@samsung.com,pen.io,1955-08-29,gDUnPYs
104,Gabrielle,Kareman,gkareman2v@youtube.com,thetimes.co.uk,1952-11-18,F0jgqiToDWE1
105,Luca,Blanchard,lblanchard2w@techcrunch.com,newsvine.com,1966-01-21,Pbbd4A5IhO
106,Nadia,Chimenti,nchimenti2x@state.tx.us,elpais.com,1968-07-02,CAejK0ZbXhg
107,Nicoline,Dalgetty,ndalgetty2y@tuttocitta.it,ycombinator.com,1965-12-08,DrKGcwPiPce
108,Patin,Gatfield,pgatfield2z@epa.gov,house.gov,1979-08-25,cTcTTn
109,Doreen,Gibke,dgibke30@sina.com.cn,uiuc.edu,1992-11-08,rkuXJN
110,Val,Sabathier,vsabathier31@businesswire.com,gnu.org,1972-10-23,uDlYVvN
111,Cathe,Richings,crichings32@pen.io,yahoo.co.jp,1987-10-30,TlKWr6
112,Davie,Bischop,dbischop33@youtube.com,gizmodo.com,1967-04-11,ahdM0zSR
113,Alysia,Clapperton,aclapperton34@yahoo.com,weibo.com,1996-08-01,TXBqbSlB6
114,Cross,Illyes,cillyes35@washingtonpost.com,kickstarter.com,1950-03-14,0xHheuW8HrD
115,Shel,Keenlayside,skeenlayside36@over-blog.com,uiuc.edu,1980-05-17,U5MX3F6zzx
116,Willyt,Borrott,wborrott37@alibaba.com,tuttocitta.it,1982-12-07,QyBxVJl
117,Jessi,Willoughley,jwilloughley38@phpbb.com,netvibes.com,1972-03-28,mSWEhI66
118,Alair,Ferrers,aferrers39@blinklist.com,youtu.be,1985-08-15,6RTS1B
119,Corty,Doge,cdoge3a@devhub.com,gmpg.org,1959-10-24,xO7j6IL
120,Roosevelt,Davis,rdavis3b@ezinearticles.com,nydailynews.com,1959-07-04,y4IjSgOYuWj
121,Truda,Murley,tmurley3c@mit.edu,skype.com,1970-01-23,iTV2r1vtQN
122,Theresita,Fieldstone,tfieldstone3d@typepad.com,squidoo.com,1987-10-31,IleEoT
123,Shermy,Tomlins,stomlins3e@wunderground.com,blogs.com,1974-03-02,VD3cik8simnh
124,Meghann,Arnow,marnow3f@imdb.com,digg.com,1982-10-20,bJA8XK3
125,Fiann,Durman,fdurman3g@nhs.uk,ucla.edu,1969-08-18,1PKowlF
126,Stacy,Dressell,sdressell3h@hostgator.com,cisco.com,1978-07-10,525YvLnj
127,Al,McKomb,amckomb3i@hud.gov,ycombinator.com,1971-04-05,VQQXxAO
128,Boniface,Addams,baddams3j@e-recht24.de,psu.edu,1954-01-09,NiQxpaTVWfvr
129,Raleigh,LeNoury,rlenoury3k@mit.edu,i2i.jp,1972-09-14,YbD2bTzTX
130,Palm,Dreher,pdreher3l@youku.com,oaic.gov.au,1985-05-12,vvcJiYK7
131,Kamila,Rubra,krubra3m@ihg.com,w3.org,1998-04-08,VW2iUvo
132,Jamie,Kail,jkail3n@de.vu,wikimedia.org,1969-02-12,dhCtqVi9R5l
133,Tomasine,Dadds,tdadds3o@bandcamp.com,scientificamerican.com,1950-05-17,k46W9FYvF
134,Kacey,Rignoldes,krignoldes3p@guardian.co.uk,google.pl,1957-02-23,Sy1g4E
135,Verine,Sallter,vsallter3q@gmpg.org,yellowpages.com,1975-05-31,F78BfqEl
136,Elora,Tapenden,etapenden3r@sbwire.com,alexa.com,1996-03-12,4HMYeIDVV
137,Augustine,Radmore,aradmore3s@drupal.org,goo.ne.jp,1956-11-08,1WlXEw5RVu
138,Darlleen,Leveret,dleveret3t@usgs.gov,amazon.de,1995-05-30,dwE3WrPhnA
139,Mal,VandenVelde,mvandenvelde3u@timesonline.co.uk,is.gd,1965-11-06,Pb5ITlW
140,Horten,Blewmen,hblewmen3v@rakuten.co.jp,miitbeian.gov.cn,1954-05-31,MEF4l45owf0g
141,Tonya,Janowski,tjanowski3w@goo.ne.jp,earthlink.net,1999-07-31,iaYOxaj
142,Corina,Polly,cpolly3x@github.io,google.it,1992-02-21,NGIx310EvY
143,Charo,Coneau,cconeau3y@gmpg.org,discuz.net,1970-12-13,ZD0dR09IOZAs
144,Malachi,Bernaldez,mbernaldez3z@weibo.com,ibm.com,1981-06-13,XW2j6Z
145,Lavinie,Peachman,lpeachman40@diigo.com,google.it,1955-09-21,j0J2GtC9OUR
146,Caroljean,Palmby,cpalmby41@uol.com.br,usnews.com,1994-12-01,4fBtfvqU
147,Hyacintha,Grinikhinov,hgrinikhinov42@blogs.com,latimes.com,1969-10-23,MpvZvjl
148,Devondra,Martinek,dmartinek43@vistaprint.com,cocolog-nifty.com,1992-06-26,Uoo0QhV
149,Jayne,Bednall,jbednall44@cnbc.com,wikimedia.org,1988-02-01,rgPWboY3R3
150,Pail,DeDomenicis,pdedomenicis45@canalblog.com,4shared.com,1955-07-04,roHjbBS
151,Ginnie,Arr,garr46@geocities.jp,devhub.com,1974-09-24,ct6nEf
152,Datha,Stevani,dstevani47@mysql.com,hubpages.com,1956-09-20,5RcbvO6
153,Meggie,Shires,mshires48@deliciousdays.com,gravatar.com,1995-09-17,WSggDd
154,Kitti,Margett,kmargett49@home.pl,hibu.com,1968-10-31,D7tGcrYZ
155,Marissa,Rycroft,mrycroft4a@earthlink.net,over-blog.com,1950-11-23,Grnp941uYgS
156,Cull,McCunn,cmccunn4b@weebly.com,jimdo.com,1970-12-24,RYV6v59VJd
157,Cassondra,Clearie,cclearie4c@psu.edu,imdb.com,1981-02-11,j70rM0VUOj
158,Beverlee,Hamlen,bhamlen4d@fotki.com,pbs.org,1991-07-14,sEdTJLAwXm0
159,Daloris,Arnholtz,darnholtz4e@cpanel.net,arstechnica.com,1977-09-08,WhN4XCmMrOV
160,Quintina,Craddy,qcraddy4f@gravatar.com,behance.net,1996-01-10,pkMUW3F36x
161,Alphonso,Celier,acelier4g@gizmodo.com,blogtalkradio.com,1996-04-02,xuqnB8LB
162,Lorelei,Swalough,lswalough4h@oakley.com,howstuffworks.com,1951-03-01,5HjKX1H1SX
163,Bird,Pummery,bpummery4i@i2i.jp,creativecommons.org,1977-02-04,JByWoA
164,Cyril,Staniford,cstaniford4j@g.co,facebook.com,1958-03-05,USPcdxXngvz6
165,Josy,Covill,jcovill4k@admin.ch,cargocollective.com,1980-08-27,dbDHrvPFvy6
166,Odell,Mee,omee4l@google.com.br,multiply.com,1982-12-23,Gkz5UQ
167,Marianna,Semrad,msemrad4m@newyorker.com,diigo.com,1999-04-24,32SqvlVoS
168,Vin,Wildash,vwildash4n@abc.net.au,blinklist.com,1993-10-14,J26x1FTzN7W
169,Caryl,Hemeret,chemeret4o@vkontakte.ru,devhub.com,1991-07-13,tnpk4cC
170,Kendrick,Phlippsen,kphlippsen4p@wsj.com,huffingtonpost.com,1960-01-11,5jdb0Sk
171,Tracy,Fiddy,tfiddy4q@marriott.com,mapy.cz,1960-09-05,AlNxU7V6cf
172,Marwin,Rowthorne,mrowthorne4r@hugedomains.com,vimeo.com,1987-06-10,ltXVAIP
173,Shelia,Bleasdale,sbleasdale4s@amazonaws.com,cloudflare.com,1972-05-05,dyitSzX63ENp
174,Ewan,Kupisz,ekupisz4t@histats.com,washingtonpost.com,1959-04-11,fXdFdc
175,Trev,Bate,tbate4u@wikia.com,utexas.edu,1966-08-29,rgiD0D
176,Cherin,Zavattieri,czavattieri4v@latimes.com,boston.com,1983-01-02,OasYEyKDhBRY
177,Bartolemo,Kimmons,bkimmons4w@meetup.com,rediff.com,1996-08-10,I0YTex0zm
178,Jeanne,Grummitt,jgrummitt4x@people.com.cn,cnbc.com,1977-09-18,NybLn0
179,Brien,Friend,bfriend4y@about.com,imgur.com,1992-03-12,CywLT9L6E3B
180,Lancelot,Lande,llande4z@sun.com,furl.net,1975-01-17,33yuzzB
181,Bartholemy,Scotchford,bscotchford50@japanpost.jp,live.com,1951-02-21,5MzWIwqBnzM
182,Jeremie,Beszant,jbeszant51@gmpg.org,bandcamp.com,1985-05-10,CIY8SfpEa
183,Bronnie,Welsby,bwelsby52@bigcartel.com,yahoo.co.jp,1976-03-03,CsHObZ6aG3sc
184,Stirling,Padgett,spadgett53@oakley.com,pagesperso-orange.fr,1951-04-11,jaUuZo7
185,Kai,McGown,kmcgown54@jiathis.com,odnoklassniki.ru,1978-01-28,fU4gHF5ca
186,Christal,Scouler,cscouler55@timesonline.co.uk,google.com,1999-05-17,Wj9cOgRjHk
187,Zaneta,Yepiskov,zyepiskov56@hugedomains.com,businessweek.com,1982-11-12,vnCKk038mvM
188,Ketti,Valerius,kvalerius57@apache.org,dion.ne.jp,1952-12-19,kAoAZ6G37s5
189,Tessa,Piscotti,tpiscotti58@imgur.com,webnode.com,1952-12-07,K6WbVTAo0AS
190,Francene,Caurah,fcaurah59@typepad.com,webeden.co.uk,1952-09-26,ZNUwe1spTH
191,Leroi,Palser,lpalser5a@weather.com,joomla.org,1981-05-04,90NdEqUA
192,Kristan,Franceschelli,kfranceschelli5b@psu.edu,jalbum.net,1981-03-04,QFr8c0C
193,Sawyere,Dench,sdench5c@gravatar.com,soup.io,1976-12-08,9Ry01YTH5bZ5
194,Doreen,Ahrendsen,dahrendsen5d@purevolume.com,bandcamp.com,1997-06-24,RnVkAVTPpe
195,Kattie,Diaper,kdiaper5e@moonfruit.com,vk.com,1959-07-12,WdobQIG6v
196,Lani,Treacy,ltreacy5f@huffingtonpost.com,odnoklassniki.ru,1981-10-02,CKMmZTUh3C
197,Jolynn,Espadate,jespadate5g@biblegateway.com,hatena.ne.jp,1987-11-20,4X3ivI
198,Colline,Lejeune,clejeune5h@dmoz.org,icio.us,1987-11-01,zf7buifUbyt
199,Clint,Baggallay,cbaggallay5i@marketwatch.com,paginegialle.it,1959-10-13,4NDUj8MEVZ
200,Kristal,Menichelli,kmenichelli5j@issuu.com,ed.gov,1965-04-24,EnxZ6j8qEj2l
201,Wilhelmine,Sinnat,wsinnat5k@skype.com,blogger.com,1955-03-05,pknZxy
202,Lucilia,Switzer,lswitzer5l@apple.com,sogou.com,1971-10-22,UUQfsnImk
203,Lyndsay,Ible,lible5m@hhs.gov,wisc.edu,1965-03-05,Jnh2Gnd
204,Estella,Durrant,edurrant5n@cafepress.com,pagesperso-orange.fr,1995-01-05,lRljqA
205,Marlon,Kettlewell,mkettlewell5o@dropbox.com,examiner.com,1978-10-25,xHpRWZ0rTw
206,Bengt,Stirman,bstirman5p@soup.io,biglobe.ne.jp,1999-02-10,b7G6Nl4xt
207,Rutledge,Bassindale,rbassindale5q@g.co,histats.com,1985-03-09,UFXHGdWZ
208,Byrom,Binion,bbinion5r@youtube.com,dailymail.co.uk,1954-02-27,yplLrSJT7
209,Lisetta,Fossick,lfossick5s@soup.io,yahoo.com,1990-10-01,AT4rDrGuidMo
210,Bobinette,Reach,breach5t@npr.org,facebook.com,2000-02-06,w7Lkn5yy5jT
211,Jodie,Dockery,jdockery5u@noaa.gov,answers.com,1968-01-04,Pv0qPy4w
212,Arlen,Hanna,ahanna5v@prnewswire.com,theatlantic.com,1968-01-09,qpKiGutVdZ3x
213,Dru,Pugh,dpugh5w@1und1.de,who.int,1960-10-08,CnCueUN
214,Tarah,Laurand,tlaurand5x@china.com.cn,mac.com,1958-05-23,djhPLsr
215,Eli,Koppeck,ekoppeck5y@marriott.com,europa.eu,1980-08-11,UhZJ32
216,Florette,Otter,fotter5z@ucsd.edu,ted.com,1961-12-07,C2c0dr
217,Elvera,Forward,eforward60@rambler.ru,yellowbook.com,1994-12-08,KKgi3K
218,Lin,Spitaro,lspitaro61@merriam-webster.com,redcross.org,1986-03-11,sxiCbaj41p0
219,Darci,Ryal,dryal62@google.fr,smugmug.com,1970-10-17,DFsqU8ys7
220,Elene,Oldroyde,eoldroyde63@yahoo.com,nationalgeographic.com,1955-12-10,tJxQAcF
221,Pen,Askham,paskham64@dmoz.org,amazon.de,1964-10-02,NuYHZXmnWE
222,Sile,Klimentyonok,sklimentyonok65@e-recht24.de,google.com.hk,1986-11-27,sDFlLqzc4Q8
223,Jordan,Wyld,jwyld66@nbcnews.com,github.io,1974-08-12,W5VNfF
224,Joelly,Mompesson,jmompesson67@sitemeter.com,engadget.com,1952-12-02,RnE5mGuATU
225,Rudiger,Yglesia,ryglesia68@sfgate.com,businessweek.com,1992-01-01,IBTf3qAAD
226,Catrina,Peddel,cpeddel69@blogspot.com,ftc.gov,1951-12-17,96Fo8Kzst7Ye
227,Aurie,Bardill,abardill6a@ebay.com,imageshack.us,1983-08-26,q5KaszUz23
228,Elwyn,Finder,efinder6b@ft.com,cargocollective.com,1952-12-21,v6mgS1ml
229,Maudie,Snibson,msnibson6c@twitter.com,bbb.org,1983-10-19,tlRzdY
230,Lorie,Habbeshaw,lhabbeshaw6d@topsy.com,hibu.com,1950-03-30,6whdjhT1
231,Lari,Yakobovitz,lyakobovitz6e@google.ca,hugedomains.com,1950-09-29,yHMnekAqF5
232,Evangelia,Rown,erown6f@craigslist.org,gizmodo.com,1961-01-01,FfcTg5dwv6
233,Alasteir,Woolmington,awoolmington6g@ucoz.ru,pbs.org,1996-03-15,0hbt17EE4
234,Jarib,Alger,jalger6h@list-manage.com,liveinternet.ru,1963-06-24,VQhQaq
235,Chicky,Caiger,ccaiger6i@businessinsider.com,t.co,1961-07-14,kdqs3ZMXk
236,Bud,Danilyuk,bdanilyuk6j@usda.gov,psu.edu,1959-11-07,WHzX3YkYdi8
237,Marchall,Plumridge,mplumridge6k@freewebs.com,meetup.com,1996-07-24,MCCyQ7esbDAR
238,Nathanial,Victor,nvictor6l@ucoz.com,google.es,1988-01-25,IuGqdyvuRQ
239,Carolin,Tures,ctures6m@skyrock.com,ning.com,1967-08-23,81yOOlCbqaAm
240,Jolyn,Duignan,jduignan6n@gov.uk,buzzfeed.com,1977-09-29,6pjrlp6N
241,Lacy,Potten,lpotten6o@vimeo.com,lycos.com,1963-11-18,4VtuViVhtxEY
242,Ginger,Bedin,gbedin6p@zimbio.com,nbcnews.com,1985-12-20,tPeJXX
243,Jacklin,Joskowitz,jjoskowitz6q@accuweather.com,free.fr,1965-10-01,gmMyPIDHDo
244,Min,Trelevan,mtrelevan6r@paypal.com,feedburner.com,1977-12-16,IGK2k3Eu
245,Joycelin,McConway,jmcconway6s@paginegialle.it,tuttocitta.it,1957-05-03,XJS8amVwEQf
246,Evvy,Worts,eworts6t@pagesperso-orange.fr,moonfruit.com,1963-05-31,jSepCgZGNb
247,Stanton,Sealeaf,ssealeaf6u@newyorker.com,dell.com,1950-02-23,ezumZDXgO
248,Kym,Donisthorpe,kdonisthorpe6v@booking.com,privacy.gov.au,1964-03-05,FcOhWOx6Kwa
249,Hannie,Scolland,hscolland6w@japanpost.jp,constantcontact.com,1997-06-01,77Xp4y4gd7
250,Ralph,Baus,rbaus6x@buzzfeed.com,redcross.org,1977-02-26,ZtDJuuP9
251,Korney,OHegertie,kohegertie6y@jigsy.com,google.it,1988-01-15,HwQ9Dn
252,Jocelyn,Egdale,jegdale6z@rediff.com,google.it,1992-08-30,jSSoVC7Z5c
253,Sheffie,Renihan,srenihan70@reddit.com,pinterest.com,1972-10-24,yw382vhXSVv
254,Faulkner,Twitchings,ftwitchings71@creativecommons.org,princeton.edu,1991-08-20,edAukUxV
255,Adorne,Pawlett,apawlett72@tamu.edu,angelfire.com,1994-02-10,7UA1gfGP
256,Godart,Breddy,gbreddy73@loc.gov,huffingtonpost.com,1962-11-11,C4ZCjghwX
257,Ariel,Raincin,araincin74@360.cn,imdb.com,1968-08-25,eGBArr5yaZwS
258,Branden,Reuven,breuven75@plala.or.jp,yellowbook.com,1977-12-10,5xHbUgqoTOV
259,Norris,Itschakov,nitschakov76@wisc.edu,xinhuanet.com,1962-04-04,T2z7act8JX
260,Lita,Winterson,lwinterson77@reddit.com,dedecms.com,1985-04-23,gRMlq4
261,Hewitt,Daulton,hdaulton78@ox.ac.uk,washington.edu,1993-05-16,ORD0aeEF
262,Rufus,Stigger,rstigger79@cam.ac.uk,bigcartel.com,1974-03-13,3G8aNT7w
263,Eben,Cattlow,ecattlow7a@google.it,aol.com,1989-07-13,AUqCFmjek2ps
264,Egbert,Tavinor,etavinor7b@vk.com,toplist.cz,1964-01-17,Jt995QBrgyEv
265,Marty,Vinson,mvinson7c@google.co.jp,chronoengine.com,1967-01-12,wOuc4yr1
266,Lorraine,Sheirlaw,lsheirlaw7d@ycombinator.com,exblog.jp,1958-07-08,OUuyVTyEUq
267,Alphonso,Comsty,acomsty7e@whitehouse.gov,flickr.com,1994-12-26,EMpCRyA1
268,Wilden,Bosden,wbosden7f@bizjournals.com,lulu.com,1965-03-01,4xCVTzykP
269,Jody,Matus,jmatus7g@techcrunch.com,nba.com,1997-07-11,iKzsbTyX38r1
270,Jessi,McVeagh,jmcveagh7h@pbs.org,1und1.de,1953-03-12,l1je0FU
271,Kalil,Saipy,ksaipy7i@goodreads.com,freewebs.com,1999-09-14,obJwJI62VBo
272,Hamil,Renac,hrenac7j@amazonaws.com,yahoo.co.jp,1989-08-18,OlK61l
273,Hyacinthe,Robertacci,hrobertacci7k@state.tx.us,psu.edu,1957-01-22,1vU3wlP00q
274,Sawyer,Yeiles,syeiles7l@accuweather.com,twitter.com,1991-08-04,bwFHit
275,Herrick,Collinwood,hcollinwood7m@google.ca,odnoklassniki.ru,1984-08-09,PqfZm15
276,Baryram,Asaaf,basaaf7n@vistaprint.com,deviantart.com,1965-03-15,dS3LyO3
277,Constanta,Fraschini,cfraschini7o@sakura.ne.jp,g.co,1974-03-20,Drv2OTRWCyw
278,Jermain,Allgood,jallgood7p@plala.or.jp,ed.gov,1999-11-10,Qn6eFK8
279,Ronni,Radford,rradford7q@weibo.com,google.de,1975-06-02,JMdQ02gs
280,Andy,Lanchberry,alanchberry7r@icio.us,yandex.ru,1986-12-20,UV2UZ0pXsw
281,Pinchas,Kincade,pkincade7s@va.gov,lycos.com,1987-01-19,YrnjJKyJGNK
282,Aili,Clench,aclench7t@microsoft.com,networkadvertising.org,1956-08-19,9fJ85OgfWgRr
283,Costanza,Tiltman,ctiltman7u@buzzfeed.com,cnbc.com,1984-12-11,2adAmibkoNiq
284,Arlyn,Penner,apenner7v@is.gd,parallels.com,1959-10-28,QFTj5j1
285,Adan,Groneway,agroneway7w@alexa.com,scribd.com,1950-04-07,fvfdYvJ0a4OZ
286,Odo,Cass,ocass7x@noaa.gov,homestead.com,1961-03-16,0ff2mU
287,Nance,Tousy,ntousy7y@dropbox.com,etsy.com,1958-08-27,lMU1Zvz3
288,Bekki,Prugel,bprugel7z@comcast.net,nbcnews.com,1971-10-30,ZFwLua1
289,Shandeigh,Long,slong80@house.gov,google.es,1977-05-20,6GKQfEnWy
290,Sheffield,Winchurch,swinchurch81@reuters.com,amazon.co.uk,1976-01-24,rOpCb0gFE
291,Duke,Ramos,dramos82@livejournal.com,sitemeter.com,1962-11-28,ERrwg2QLKEM
292,Mischa,Diano,mdiano83@hostgator.com,histats.com,1996-08-12,kYO7lc1Mt5
293,Lela,Grimoldby,lgrimoldby84@feedburner.com,cargocollective.com,1981-11-25,yJq9aoPmgD
294,Cazzie,Paddeley,cpaddeley85@storify.com,about.me,1960-12-27,GOpPoP4
295,Lura,Perillo,lperillo86@rakuten.co.jp,arstechnica.com,1997-09-07,Luf8TYCJZBBg
296,Boyce,Jurewicz,bjurewicz87@over-blog.com,unc.edu,1993-10-27,r8Z03CFTDij
297,Marijn,Eccersley,meccersley88@comsenz.com,wordpress.org,1956-02-26,E5AZ3bZ
298,Bonita,Sabie,bsabie89@bloomberg.com,angelfire.com,1983-04-04,eTx0VDv7
299,Stirling,Whitefoot,swhitefoot8a@wunderground.com,fastcompany.com,1968-11-16,DD08BniUQ
300,Katherina,Ghidelli,kghidelli8b@infoseek.co.jp,moonfruit.com,1965-05-14,I9TLTJf3QxQz
301,Tasha,LHommee,tlhommee8c@about.me,desdev.cn,1956-07-30,1phHvy7kw
302,Emelita,Burleigh,eburleigh8d@addtoany.com,bloglines.com,1982-10-23,9z262ZPOePR
303,Roanna,Ilchenko,rilchenko8e@apple.com,adobe.com,1956-05-14,7aWqPeIN
304,Gisela,Blowin,gblowin8f@flavors.me,dot.gov,1966-07-07,OZLtjNwG
305,Pierson,Keightley,pkeightley8g@ucsd.edu,huffingtonpost.com,1987-09-10,1AnqCGQfYKV
306,Hilton,Dukes,hdukes8h@github.io,who.int,1967-03-26,vXm9Snw
307,Monty,Byass,mbyass8i@imgur.com,bandcamp.com,1983-06-21,U0CoRPzO
308,Edin,OScollee,eoscollee8j@dailymail.co.uk,bandcamp.com,1977-09-06,r2chXzaLi4
309,Madeleine,Tasker,mtasker8k@virginia.edu,e-recht24.de,1957-12-18,zsJcAENEP4
310,George,Lindenboim,glindenboim8l@amazon.de,webmd.com,1985-04-11,aaf1KDYxR
311,Leslie,Petrillo,lpetrillo8m@dmoz.org,sakura.ne.jp,1954-07-19,p26Xlra0g
312,Sebastien,Lightollers,slightollers8n@blogspot.com,parallels.com,1978-08-30,RWtCAz5Zuzm
313,Marietta,McIndrew,mmcindrew8o@soup.io,github.io,1980-11-17,gPJPmSVP9Nk
314,Vachel,Kyffin,vkyffin8p@linkedin.com,elegantthemes.com,1976-02-28,ykHfOxTGsmL4
315,Gray,Dorant,gdorant8q@mtv.com,ucoz.ru,1997-07-08,yz2iwQO6hyvh
316,Konstantin,Olczak,kolczak8r@cyberchimps.com,qq.com,1977-04-05,hnuNJ3H
317,Shae,Huckle,shuckle8s@creativecommons.org,biglobe.ne.jp,1957-11-29,BAJ2a28oxS
318,Mark,Shieldon,mshieldon8t@shinystat.com,discovery.com,1974-01-19,ipQsKkWuTacg
319,Flin,Richmond,frichmond8u@jalbum.net,a8.net,1952-01-30,N2mR4jXJgM
320,Candida,Dreye,cdreye8v@forbes.com,acquirethisname.com,1985-07-10,CxSY294v9z
321,Joachim,Beardsley,jbeardsley8w@github.io,is.gd,1997-09-29,3ihe6xrFo1Qi
322,Sholom,Candey,scandey8x@archive.org,newyorker.com,1950-09-03,y6R2dr
323,Ula,Stott,ustott8y@discuz.net,census.gov,1991-05-18,hB6jKPAvx
324,Dyana,Olivi,dolivi8z@europa.eu,sogou.com,1953-06-22,paypuR
325,Bryce,Iskower,biskower90@addtoany.com,merriam-webster.com,1995-07-16,V9teDt
326,Genevieve,Symcoxe,gsymcoxe91@discuz.net,phpbb.com,1987-10-02,GvVfiE
327,Ethelbert,Grigorescu,egrigorescu92@illinois.edu,xing.com,1983-12-31,OIzf2952Xks
328,Alvinia,Baldrick,abaldrick93@chicagotribune.com,auda.org.au,1950-06-29,CdzxxdHIWu
329,Nerty,Dargue,ndargue94@geocities.jp,nih.gov,1950-05-26,KFbYZZlWUef
330,Hollie,Crossgrove,hcrossgrove95@facebook.com,gov.uk,1973-12-22,o2D1HdH9Py
331,Erick,Skelbeck,eskelbeck96@lulu.com,unc.edu,1950-12-28,Hj71GB3mlT
332,Matthias,Smaleman,msmaleman97@etsy.com,goo.ne.jp,1983-08-06,u0ftEyL5MgF
333,Walker,Mungan,wmungan98@marriott.com,desdev.cn,1983-02-16,rkQTaAE2je1b
334,Myrna,Camus,mcamus99@java.com,toplist.cz,1984-03-31,TNQ8FCPC6da
335,Fonsie,Antonognoli,fantonognoli9a@dion.ne.jp,stanford.edu,1972-08-28,nzabPdoDQYy
336,Doreen,Danniel,ddanniel9b@a8.net,bloglovin.com,1965-05-12,AjKfGql6aE4O
337,Minette,Killik,mkillik9c@yellowpages.com,latimes.com,1995-11-24,zHNF9uF
338,Stearn,Umney,sumney9d@tamu.edu,photobucket.com,1956-03-30,JPUTEk
339,Osbourn,Prettejohns,oprettejohns9e@php.net,jimdo.com,1992-02-05,5sgvqt
340,Gerri,Buard,gbuard9f@live.com,intel.com,1972-05-02,ofO9K8
341,Damita,Gaul,dgaul9g@tripod.com,msn.com,1975-04-04,Nagzwt8
342,Adi,Filewood,afilewood9h@china.com.cn,sina.com.cn,1989-03-15,9QTtgy
343,Leanora,Cutchie,lcutchie9i@salon.com,shutterfly.com,1976-10-18,xoywatvkMlYX
344,Cathe,Sambell,csambell9j@sitemeter.com,rambler.ru,1977-04-23,GJO5RFi9we
345,Ezechiel,Shills,eshills9k@lulu.com,php.net,1978-05-14,T3twmv6G
346,Deirdre,Mockford,dmockford9l@hud.gov,ning.com,1999-02-21,uKCNKSdjiW
347,Berta,Vice,bvice9m@hud.gov,shop-pro.jp,1978-10-24,t2zdH4ArKs2C
348,Danielle,Soppitt,dsoppitt9n@blogspot.com,newyorker.com,1999-02-20,VL3RI0P
349,Sheelah,Biasotti,sbiasotti9o@vistaprint.com,columbia.edu,1951-07-12,E2rP9jBf85i
350,Jonathon,Scarff,jscarff9p@usda.gov,sourceforge.net,1999-01-01,Qon37uN4u
351,Lynette,Drance,ldrance9q@jugem.jp,kickstarter.com,1951-11-07,VmYi2QK1VZLz
352,Cyrill,Marton,cmarton9r@businessinsider.com,tmall.com,1954-06-06,7giTFXZ5
353,Jocelyn,Beste,jbeste9s@sphinn.com,mlb.com,1984-11-22,LYkfN31qGNM
354,Lianna,Dussy,ldussy9t@shareasale.com,adobe.com,1963-02-05,n1uQQinoup
355,Joline,Ort,jort9u@ft.com,moonfruit.com,1980-08-10,vqI7cwx
356,Moshe,Burlingame,mburlingame9v@chronoengine.com,list-manage.com,1974-11-23,30ZZRXPAIzn
357,Merla,Eliez,meliez9w@deviantart.com,yandex.ru,1960-05-24,YDrvBvR238Jb
358,Othilia,Fincke,ofincke9x@biglobe.ne.jp,google.co.jp,1967-08-08,wTbweV
359,Annemarie,Maulden,amaulden9y@gmpg.org,phpbb.com,1960-10-18,CgbbgZIGnz
360,Lane,Whitham,lwhitham9z@yandex.ru,scientificamerican.com,1992-03-31,TIe9CBNh2
361,Lillis,Lailey,llaileya0@wp.com,4shared.com,1997-10-11,C8dlMKKhK7F
362,Korrie,Parris,kparrisa1@about.me,odnoklassniki.ru,1955-05-06,tbMP5RS2REah
363,Lissie,Beetham,lbeethama2@dailymail.co.uk,networkadvertising.org,1987-09-09,cajHFr
364,Royal,Hattigan,rhattigana3@ycombinator.com,paginegialle.it,1997-11-28,1MRYai0j6b
365,Curt,Beldom,cbeldoma4@cbc.ca,ft.com,1968-10-15,HL26BkmG
366,Stacia,Metcalf,smetcalfa5@cafepress.com,spotify.com,1997-10-28,qm7JyMQQon6
367,Barr,Thorouggood,bthorouggooda6@freewebs.com,deliciousdays.com,1989-07-19,drrxXKLwrh
368,Edlin,Banbrick,ebanbricka7@example.com,vkontakte.ru,1983-01-10,xkpxG6I7h
369,Bartholemy,Barkworth,bbarkwortha8@nsw.gov.au,ovh.net,1991-01-28,vSnpsb9bfQ8
370,Tom,Deuss,tdeussa9@wired.com,altervista.org,1950-03-05,cN0x5SYNv2
371,Dora,Hoble,dhobleaa@mapquest.com,wordpress.org,1977-02-25,h6EGHIMjWXA
372,Sonnie,Fuzzey,sfuzzeyab@canalblog.com,google.com.hk,1963-12-20,EgUMW47A
373,Brianna,Greenroyd,bgreenroydac@hhs.gov,umn.edu,1953-11-11,lu8qGX8JJ
374,Ophelie,Gay,ogayad@paypal.com,flickr.com,1968-10-14,Wf9xKJRwaca7
375,Michaelina,Brackpool,mbrackpoolae@g.co,sun.com,1968-08-23,V3Tl8u7oWCtG
376,Dyan,Duding,ddudingaf@indiatimes.com,123-reg.co.uk,1960-03-13,bU4JoUl
377,Hollis,Wimlett,hwimlettag@github.io,yelp.com,1988-08-02,A0K5ggq
378,Robbi,Kettlesing,rkettlesingah@salon.com,biglobe.ne.jp,1992-01-26,oooxNam93fD
379,Ki,Savin,ksavinai@icio.us,moonfruit.com,1984-10-24,brh3lIWSAKA
380,Ophelie,Brandolini,obrandoliniaj@biblegateway.com,army.mil,1983-04-26,B8ees2r
381,Norina,Cormack,ncormackak@yolasite.com,msn.com,1976-12-02,TyuuKV
382,Euell,Peracco,eperaccoal@marriott.com,freewebs.com,1956-02-07,NOoYVe
383,Milicent,Gibbard,mgibbardam@nasa.gov,shinystat.com,1982-01-10,4Rm5wyFL
384,Jake,Burney,jburneyan@noaa.gov,examiner.com,1962-01-14,GYB3DbvCs
385,Lacee,Endricci,lendricciao@t.co,scribd.com,1964-07-28,iSN4pQ
386,Hillyer,Fearfull,hfearfullap@npr.org,gizmodo.com,1979-10-04,OfDbS7VXB
387,Berti,Shurmore,bshurmoreaq@pagesperso-orange.fr,sphinn.com,1995-01-22,a74r9vWKXe
388,Farica,Camble,fcamblear@mayoclinic.com,walmart.com,1991-05-23,wNy8X0E
389,Charmine,McRavey,cmcraveyas@liveinternet.ru,harvard.edu,1990-07-31,9iFGWd6aDf
390,Boot,Ive,biveat@dagondesign.com,sohu.com,1951-01-26,3xvIBsxu
391,Jacquette,Barrick,jbarrickau@hc360.com,weebly.com,1987-06-22,zqOwRY2VdB5
392,Mireille,Druhan,mdruhanav@un.org,indiatimes.com,1998-06-18,wDlaWViaE1
393,Davine,Bernot,dbernotaw@hostgator.com,mediafire.com,1958-01-14,MJbdsbHncZ
394,Rhona,Antrobus,rantrobusax@angelfire.com,weebly.com,1984-09-06,3IItDyH3zWnO
395,Katie,Coggings,kcoggingsay@hostgator.com,fastcompany.com,1978-12-14,tyfMaqn
396,Erinna,Wattam,ewattamaz@unc.edu,taobao.com,1999-10-31,ciq8BaLgAa
397,Meryl,Hawking,mhawkingb0@hud.gov,ocn.ne.jp,1959-03-19,crII7c
398,Adoree,Shires,ashiresb1@globo.com,webmd.com,1970-12-19,ibJtxKXzCW4
399,Asa,Dunne,adunneb2@cnn.com,cdbaby.com,1985-06-15,KM3u6vQj6
400,Everard,Darlasson,edarlassonb3@army.mil,imageshack.us,1964-08-28,scVJGRkM9x
401,Reeta,Brundall,rbrundallb4@state.tx.us,mac.com,1974-07-12,qvsT6hF
402,Damien,Huebner,dhuebnerb5@zimbio.com,spiegel.de,1981-12-09,987PFha84Yb
403,Misti,Meatcher,mmeatcherb6@craigslist.org,tripadvisor.com,1963-05-13,Ry4NfWm
404,Taddeusz,Tremeer,ttremeerb7@usgs.gov,un.org,1963-03-26,Jvo1GWSm
405,Mohandas,Jeandillou,mjeandilloub8@parallels.com,delicious.com,1991-12-15,hp9e3wCu8QH
406,Ermentrude,Sworder,esworderb9@imdb.com,istockphoto.com,1981-01-14,3KpoRPy
407,Hugh,Choppen,hchoppenba@vistaprint.com,google.com.hk,1986-03-25,cyvUzOj1SZ5
408,Marguerite,Welch,mwelchbb@seattletimes.com,trellian.com,1950-11-19,klG0KhtKXNkH
409,Judy,Presnell,jpresnellbc@harvard.edu,mapquest.com,1978-06-02,6SxWc5ln
410,Karilynn,Eynald,keynaldbd@taobao.com,istockphoto.com,1988-08-21,eOOfHNZ37sG
411,Kate,Tort,ktortbe@epa.gov,printfriendly.com,1953-01-11,rKTZA3N4H84
412,Chad,Guyonnet,cguyonnetbf@state.tx.us,icio.us,1990-12-30,t0DY5v06Jfwd
413,Missy,Faers,mfaersbg@state.tx.us,shop-pro.jp,1954-08-15,5vVGtRrnP
414,Juditha,Abrashkov,jabrashkovbh@list-manage.com,indiatimes.com,1996-09-19,HNuUTO
415,Case,Eastabrook,ceastabrookbi@sourceforge.net,odnoklassniki.ru,1950-07-19,GMlh2xe2Na
416,Nealy,McCalum,nmccalumbj@omniture.com,china.com.cn,1999-04-24,QbudsTPBH3
417,Albert,Matasov,amatasovbk@sogou.com,canalblog.com,1952-03-18,ai98U6ma
418,Netta,Braksper,nbraksperbl@usatoday.com,usnews.com,1953-04-17,f3fmO7Bjin
419,Anjanette,Hincham,ahinchambm@surveymonkey.com,prlog.org,1991-10-18,uQHf1MYpV
420,Doralin,Wayon,dwayonbn@comsenz.com,plala.or.jp,1988-11-29,KNaNwi
421,Alyssa,Chalke,achalkebo@lycos.com,kickstarter.com,1966-01-14,MLRwirVC7u
422,Bab,Bramley,bbramleybp@cam.ac.uk,wikimedia.org,1999-11-05,QdCwLAfEik
423,Kaiser,Moyne,kmoynebq@addthis.com,slashdot.org,1988-07-11,SPMJ7tVd4LZ
424,Bonnee,Lyness,blynessbr@cnbc.com,vk.com,1952-11-07,YS3bmlzCBI7
425,Adriano,Addinall,aaddinallbs@google.com.hk,craigslist.org,1978-01-13,zrWgFXKHWEDD
426,Theresina,Penella,tpenellabt@constantcontact.com,howstuffworks.com,1975-09-21,YX4uRtZdt7e
427,Joann,Skinley,jskinleybu@hc360.com,shutterfly.com,1983-06-28,v2vEMyljL
428,Jackie,Melley,jmelleybv@fastcompany.com,imageshack.us,1979-09-22,4iz09p
429,Freeland,Sollam,fsollambw@dedecms.com,sphinn.com,1965-11-04,UuNGb5q
430,Naomi,Vauls,nvaulsbx@abc.net.au,disqus.com,1980-11-19,XjVcIvVxkA
431,Arlana,Mannering,amanneringby@mlb.com,livejournal.com,1963-01-22,jhvoCq3
432,Rourke,OLooney,rolooneybz@army.mil,sitemeter.com,1991-08-26,7gLC4pKf2
433,Maible,Codman,mcodmanc0@ca.gov,mysql.com,1986-08-06,syambEZCJjV
434,Elset,Watkin,ewatkinc1@ehow.com,webnode.com,1953-02-09,pphsash1h
435,Byran,Connechy,bconnechyc2@scientificamerican.com,soundcloud.com,1958-11-25,YGxi3s
436,Pail,Alcock,palcockc3@acquirethisname.com,weibo.com,1950-03-26,7t8O5Phr
437,Talbert,Shrigley,tshrigleyc4@engadget.com,fda.gov,1988-08-31,WqeX0a
438,Libbey,Rickesies,lrickesiesc5@businessinsider.com,loc.gov,1972-09-14,OHI1CiC
439,Nanny,Dandy,ndandyc6@quantcast.com,amazon.de,1950-08-22,dRb5ow
440,Gideon,Stride,gstridec7@seattletimes.com,gizmodo.com,1976-04-30,ut0gI2gjD
441,Bobby,Branston,bbranstonc8@bluehost.com,fastcompany.com,1950-10-22,FjgmW12YD
442,Janessa,Leyson,jleysonc9@cisco.com,miitbeian.gov.cn,1992-05-23,6dDRNBHlo6Cr
443,Tiebold,Blyth,tblythca@sciencedirect.com,devhub.com,1960-12-23,6NE2l6tHGo3u
444,Nita,Holdworth,nholdworthcb@google.de,addtoany.com,1999-09-09,BZ0MKM14e
445,Kaitlynn,Lamprey,klampreycc@sun.com,mysql.com,1984-04-06,XC4rok8a8bsH
446,Renard,Gilardoni,rgilardonicd@ucla.edu,phoca.cz,1982-01-18,sRQUjp0KGa8L
447,Louisa,Shedd,lsheddce@columbia.edu,tmall.com,1997-07-04,mExn6TC4ZCiH
448,Nil,Sykora,nsykoracf@w3.org,omniture.com,1981-01-26,9ipk25EoL6
449,Carlyle,Strangeways,cstrangewayscg@home.pl,tripod.com,1994-04-01,vT90Ww
450,Stacey,Kilduff,skilduffch@nyu.edu,hubpages.com,1986-06-13,Jfbxvj0duFB3
451,Margarita,Whitrod,mwhitrodci@canalblog.com,google.fr,1984-11-22,A4MKHUiCkc0
452,Heath,Ottam,hottamcj@reuters.com,dell.com,1984-04-13,ivMOLG
453,Valera,Easterby,veasterbyck@admin.ch,nps.gov,1966-08-21,K2jFDaOe5
454,Bill,Blackmore,bblackmorecl@ftc.gov,fda.gov,1966-07-13,1bAenFTF4uV5
455,Katusha,Fechnie,kfechniecm@pagesperso-orange.fr,youku.com,1974-08-19,mmpJsFFHno
456,Eleanor,Garrould,egarrouldcn@disqus.com,dot.gov,1985-01-31,TQV9PopAk
457,Hillier,Ireson,hiresonco@archive.org,deliciousdays.com,1976-05-27,4AYXoI
458,Lilyan,Peracco,lperaccocp@unesco.org,quantcast.com,1952-09-07,AJJ0Ljsi
459,Ashbey,Macia,amaciacq@dagondesign.com,theatlantic.com,1950-08-21,OlglMJYzdSf
460,Keelia,Jewster,kjewstercr@parallels.com,comsenz.com,1993-06-17,NkQfXGz8iYt
461,Normie,Snare,nsnarecs@gizmodo.com,miitbeian.gov.cn,1951-06-21,GMrQ5uye
462,Madeleine,Wyborn,mwybornct@t.co,unblog.fr,1957-02-23,HVEfbMx
463,Aubry,Ram,aramcu@mediafire.com,squidoo.com,1971-07-06,mNNmhR0M
464,Brig,Scarfe,bscarfecv@biglobe.ne.jp,earthlink.net,1961-06-03,f3GFYDpnjD
465,Saraann,Bilbery,sbilberycw@ehow.com,ucsd.edu,1959-09-14,0SicK6d4X8Jf
466,Morly,Peaden,mpeadencx@exblog.jp,geocities.jp,1975-10-19,fwJcoZ
467,Garik,Gilffilland,ggilffillandcy@unblog.fr,geocities.com,1994-07-23,b9vaV49MGOn
468,Issie,Harte,ihartecz@wordpress.org,vinaora.com,1965-07-05,XroaeY
469,Phillipe,Riceards,priceardsd0@state.gov,nationalgeographic.com,1999-01-08,orbri21vdOg
470,Ernaline,Ivey,eiveyd1@desdev.cn,merriam-webster.com,1993-09-26,cjfJzR6RVlTK
471,Teador,Adamovitch,tadamovitchd2@123-reg.co.uk,plala.or.jp,1975-01-18,6k6he40yws
472,Ario,Barbey,abarbeyd3@infoseek.co.jp,sphinn.com,1962-10-27,lR03ndHpH
473,Harald,Spivey,hspiveyd4@lycos.com,sourceforge.net,1967-02-06,ab9svSzn51p
474,Georgiana,Binns,gbinnsd5@163.com,reuters.com,1952-01-13,Tx1zxZcmGd
475,Patton,Tenwick,ptenwickd6@cbsnews.com,merriam-webster.com,1990-04-13,zFY8YV
476,Colan,Signore,csignored7@wp.com,hexun.com,1956-11-18,rRlmQw
477,Mame,Guilloneau,mguilloneaud8@xrea.com,instagram.com,1967-04-18,PLbH7Bir
478,Stace,Mertgen,smertgend9@nasa.gov,dion.ne.jp,1967-07-11,CHYbzt8w
479,Maisie,Devil,mdevilda@com.com,aboutads.info,1996-03-29,UZYYkzTY
480,Lin,Wellsman,lwellsmandb@tinypic.com,wikispaces.com,1970-07-13,sWQCZTd8T2
481,Pip,Hawking,phawkingdc@yelp.com,google.it,1985-11-21,IHst9UHTh8w
482,Sashenka,Lampett,slampettdd@foxnews.com,hp.com,1966-08-31,e4o1NI
483,Cal,Coate,ccoatede@cpanel.net,rediff.com,1967-08-10,AtOFVCZ
484,Maggie,Bresner,mbresnerdf@nbcnews.com,issuu.com,1963-02-13,sztFjA
485,Kelley,Measom,kmeasomdg@auda.org.au,ovh.net,1990-03-31,u0p3GV7xH
486,Turner,Snufflebottom,tsnufflebottomdh@arstechnica.com,accuweather.com,1962-05-06,TBDyynh
487,Nevsa,Budget,nbudgetdi@answers.com,sbwire.com,1975-07-30,zZadPb
488,Celinka,Siemons,csiemonsdj@domainmarket.com,mediafire.com,1957-11-19,JgJm4INRAT
489,Brittni,Ambrois,bambroisdk@123-reg.co.uk,lulu.com,1998-11-04,BJPlID9ewJ
490,Barty,Cristofaro,bcristofarodl@opensource.org,washington.edu,1964-06-24,GTRftLtE
491,Loralyn,Hintze,lhintzedm@mashable.com,google.co.jp,1995-06-09,AAWM99zuII1N
492,Beckie,Bliben,bblibendn@rambler.ru,cmu.edu,1970-01-24,CsBJyRhoxd
493,Gonzalo,Kliemchen,gkliemchendo@time.com,census.gov,1962-03-07,SXFdzyy
494,Merci,MacGibbon,mmacgibbondp@ca.gov,typepad.com,1954-05-23,6iJRFo6wMj
495,Kamila,Fiander,kfianderdq@seattletimes.com,ning.com,1950-12-16,Ca2aqBlAUs
496,Monty,Purry,mpurrydr@tripadvisor.com,4shared.com,1963-07-17,hgKVFwAU57wN
497,Ailbert,McCroft,amccroftds@stanford.edu,apache.org,1968-07-30,oV7SOxPS0
498,Sydel,Babbage,sbabbagedt@comsenz.com,imageshack.us,1951-01-20,N1xtWZyJ2
499,Kris,Duprey,kdupreydu@twitpic.com,ycombinator.com,1956-12-10,U3H6sMV
500,Keith,Groucock,kgroucockdv@nationalgeographic.com,geocities.jp,1989-02-06,aptdmb
501,Olvan,Zywicki,ozywickidw@github.io,privacy.gov.au,1959-06-01,wqMKRH
502,Hendrik,MacCallester,hmaccallesterdx@senate.gov,behance.net,1963-12-21,Y3pzM3xD
503,Nat,Beeze,nbeezedy@infoseek.co.jp,utexas.edu,1972-12-23,fJ5iCnlC1H4D
504,Jemmie,Wisam,jwisamdz@issuu.com,google.fr,1999-09-27,LAidsr
505,Merv,Jefferys,mjefferyse0@zimbio.com,tmall.com,1963-09-12,i0s5RSHV0FX
506,Jacquie,Simpson,jsimpsone1@addthis.com,bloomberg.com,1996-11-08,e73gqaRgj
507,Murial,Bettesworth,mbettesworthe2@google.co.uk,istockphoto.com,1981-10-16,LXdr3sW
508,Hermon,Spitaro,hspitaroe3@slashdot.org,umn.edu,1993-10-13,9OammUvT3
509,Dasha,Josse,djossee4@opensource.org,dailymail.co.uk,1999-12-26,2d2CKKjA17f
510,Marina,Carthew,mcarthewe5@businessinsider.com,vkontakte.ru,1998-12-24,8bGNELB
511,Ronna,Bustin,rbustine6@ted.com,printfriendly.com,1983-04-03,EEDmT9VPy4
512,Palmer,Lote,plotee7@si.edu,godaddy.com,1964-11-08,Nb7qvjo4SvG
513,Zaccaria,Jellico,zjellicoe8@digg.com,symantec.com,1962-02-05,6Ye7tmv9evV
514,Niki,Maydwell,nmaydwelle9@cbsnews.com,theguardian.com,1970-01-27,67TYQbpYIW
515,Sande,Bitcheno,sbitchenoea@marketwatch.com,wsj.com,1971-11-20,iaigZQCd
516,Tallulah,Rispine,trispineeb@wsj.com,timesonline.co.uk,1999-02-04,Nkvh4Z7Xx
517,Kamillah,Dorwood,kdorwoodec@addthis.com,nyu.edu,1984-02-24,Y6SMFk
518,Brodie,Mechell,bmechelled@ow.ly,t-online.de,1968-11-28,qnIBHz
519,Lanna,Robinson,lrobinsonee@oracle.com,economist.com,1998-06-15,gYAF1MA
520,Giuditta,Coley,gcoleyef@jiathis.com,vkontakte.ru,1955-12-18,oRGLns
521,Coraline,Greatorex,cgreatorexeg@miitbeian.gov.cn,issuu.com,1973-01-29,jmgJMuMA9g
522,Lindsey,Drewery,ldreweryeh@furl.net,gmpg.org,1991-08-12,Yy2kMwQ
523,Helenelizabeth,Dayes,hdayesei@cpanel.net,europa.eu,1967-10-26,6U7oU9
524,Mira,Huey,mhueyej@hatena.ne.jp,slideshare.net,1978-01-03,uyus7uf
525,Ashby,Astle,aastleek@geocities.com,netlog.com,1968-12-26,1yPQ2V
526,Dusty,Tunsley,dtunsleyel@so-net.ne.jp,digg.com,1997-10-10,y8r5m2s
527,Esteban,Ortmann,eortmannem@homestead.com,hibu.com,1953-11-01,EDik5CLL2CM
528,Tore,Bassingham,tbassinghamen@i2i.jp,springer.com,1993-03-21,9ArgWB9Av
529,Randi,McGuire,rmcguireeo@netvibes.com,so-net.ne.jp,1975-01-25,Wn4kpgz0v
530,Sloane,Course,scourseep@constantcontact.com,shop-pro.jp,1957-05-27,EPxGsp
531,Addy,Feldhorn,afeldhorneq@wikispaces.com,google.nl,1985-10-29,D6MNVj
532,Trever,Elsey,telseyer@theglobeandmail.com,google.com.au,1954-07-05,0J31vqpPUuj
533,Valli,Espinoza,vespinozaes@livejournal.com,sun.com,1995-11-05,BkWw8ItpMk
534,Dew,Mackneis,dmackneiset@spotify.com,123-reg.co.uk,1953-06-30,aIjiawtSMB
535,Lek,Izac,lizaceu@va.gov,unesco.org,1983-09-14,iM9y4EvXNY4
536,Vanya,Gogerty,vgogertyev@about.me,slideshare.net,1963-07-01,HVikLFhHYu
537,Albertina,Wrotchford,awrotchfordew@toplist.cz,weebly.com,1963-03-15,DVxslA
538,Rey,LHommee,rlhommeeex@hubpages.com,creativecommons.org,1954-06-17,U1XZggXMw
539,Fairlie,Ramsden,framsdeney@google.it,devhub.com,1994-05-05,lfEEAE6c1
540,Gypsy,Geraud,ggeraudez@dyndns.org,bigcartel.com,1974-03-27,V4SkAPQ0
541,Thurston,Rostron,trostronf0@odnoklassniki.ru,t.co,1997-08-29,8bMYd6
542,Gunilla,Deegin,gdeeginf1@soundcloud.com,over-blog.com,1986-05-13,6xmsaTDch3T
543,Cathie,Pinnion,cpinnionf2@ucla.edu,quantcast.com,1952-01-29,cv5dAa4RzMT
544,Ezra,Carme,ecarmef3@bloomberg.com,sohu.com,1955-05-22,YNGhFyi
545,Walden,Smitheman,wsmithemanf4@photobucket.com,domainmarket.com,1997-03-28,L28Fa1eMNW
546,Bennett,Francesco,bfrancescof5@statcounter.com,typepad.com,1975-10-09,YN0DXSVGF
547,Stevana,Gregol,sgregolf6@slashdot.org,ihg.com,1960-09-29,UQr8YX2Xa
548,Kessiah,Foxton,kfoxtonf7@artisteer.com,cam.ac.uk,1978-03-13,D5byOPka
549,Merle,Goodier,mgoodierf8@list-manage.com,bbb.org,1973-08-26,TkWBkHj
550,Sofie,Slade,ssladef9@addthis.com,mozilla.org,1960-07-27,hcPssw4
551,Skell,Cowles,scowlesfa@umn.edu,sciencedirect.com,1980-02-24,ungTweH
552,Jan,Dottrell,jdottrellfb@usgs.gov,nationalgeographic.com,1986-05-09,uFp2EpXAbyIB
553,Faustina,McAlester,fmcalesterfc@ibm.com,mac.com,1973-07-18,dbQtiqcR
554,Alberik,Livett,alivettfd@jugem.jp,usgs.gov,1969-04-13,fRmZblSx
555,Tobe,Knock,tknockfe@marketwatch.com,sina.com.cn,1964-07-30,psNRR9
556,Caitrin,Tessington,ctessingtonff@ucoz.ru,wikispaces.com,1960-10-27,VVgQ9z
557,Hubey,Lowson,hlowsonfg@salon.com,toplist.cz,1978-11-27,n7dxPV8
558,Gnni,Tooher,gtooherfh@businessinsider.com,amazon.co.uk,1976-10-16,I0MUvld21o
559,Mirabella,Domenge,mdomengefi@fc2.com,timesonline.co.uk,1976-08-31,ArDdqpN2
560,Belicia,Pichmann,bpichmannfj@toplist.cz,a8.net,1984-05-13,z1w55Nez5
561,Marilee,Lindelof,mlindeloffk@comsenz.com,nasa.gov,1950-12-10,F8YvOxiH
562,Woody,Aldhous,waldhousfl@disqus.com,nationalgeographic.com,1988-06-02,qKhblQ
563,Matty,Liddicoat,mliddicoatfm@tinyurl.com,discovery.com,1998-05-31,IAMM8UdaM
564,Belicia,Idel,bidelfn@simplemachines.org,fastcompany.com,1991-02-09,qUGfSptZ
565,Marven,Pestridge,mpestridgefo@loc.gov,ocn.ne.jp,1991-08-01,POf1vY4N
566,Anastasie,Pitkin,apitkinfp@soundcloud.com,squidoo.com,1999-07-17,9tjdQj7qOKyL
567,Tobe,Impy,timpyfq@bandcamp.com,photobucket.com,1960-11-04,pDdt1mOZ
568,Shela,Dayce,sdaycefr@wikia.com,exblog.jp,1960-12-04,N4N6KZBqP6Aq
569,Sean,Foan,sfoanfs@icq.com,cmu.edu,1967-09-27,4lDLr5Z3Xz
570,Raye,Danahar,rdanaharft@wired.com,usatoday.com,1973-06-01,xSIDsNLfoto
571,Dalis,Halling,dhallingfu@usgs.gov,upenn.edu,1968-07-01,oJeYyPn8
572,Englebert,Toombes,etoombesfv@uiuc.edu,blog.com,1980-10-07,IT8x1y
573,Tulley,Towson,ttowsonfw@nytimes.com,xinhuanet.com,1951-01-19,8OtqE7YMZ
574,Betty,Haill,bhaillfx@google.de,quantcast.com,1986-01-11,0CfZ0b99
575,Jordan,Mirfin,jmirfinfy@hp.com,theatlantic.com,1968-08-25,crhpE3
576,Pincus,Ghidelli,pghidellifz@comsenz.com,telegraph.co.uk,1953-09-21,i9FWNSvx
577,Cass,Matcham,cmatchamg0@jimdo.com,ucla.edu,1966-10-29,5ap31pkDnx3
578,Jeana,Reneke,jrenekeg1@altervista.org,ask.com,1974-08-24,0PpHKQ
579,Ewell,Beddon,ebeddong2@instagram.com,chicagotribune.com,1986-07-26,5Py9Sp
580,Dottie,Nials,dnialsg3@technorati.com,nyu.edu,1977-11-02,ssSp14Nra0h
581,Egon,Carragher,ecarragherg4@wikipedia.org,tripod.com,1971-08-27,NXXJ4D8rse
582,Katerine,Cotterel,kcotterelg5@ed.gov,deviantart.com,1995-03-20,0AqaTyg
583,Dorine,Rosenfeld,drosenfeldg6@bigcartel.com,creativecommons.org,1969-09-02,CJpxcJum
584,Sonny,Beazleigh,sbeazleighg7@google.com.br,opera.com,1973-07-12,2LdgzRDBxq5
585,Emmi,Ohanessian,eohanessiang8@cnbc.com,is.gd,1959-11-24,DXF0NkAB4v
586,Jaclin,Brew,jbrewg9@slashdot.org,wiley.com,1956-06-21,xdsfOu
587,Siward,Morson,smorsonga@ocn.ne.jp,loc.gov,1969-01-09,k4eQg7
588,Giuseppe,Torrecilla,gtorrecillagb@jigsy.com,vk.com,1980-11-14,bdbTudbq
589,Orv,Ties,otiesgc@flickr.com,sohu.com,1968-09-07,P0NTZOXn3Zz
590,Jakob,Stickles,jsticklesgd@surveymonkey.com,mapquest.com,1982-04-20,1AvqeNmbAfoG
591,Abra,Hackey,ahackeyge@engadget.com,symantec.com,1979-06-10,63UuTBHpcS
592,Riley,Rayment,rraymentgf@dropbox.com,wsj.com,1989-12-28,UNHcvvjZL6
593,Lind,Sherville,lshervillegg@cam.ac.uk,amazon.co.jp,1973-10-21,9uAo1Ygvpv
594,Tine,Meeson,tmeesongh@wired.com,squidoo.com,1994-06-30,rf48B3VfYOZ
595,Nanci,MacDiarmid,nmacdiarmidgi@acquirethisname.com,seesaa.net,1966-09-12,nQaow5k
596,Horatius,Wannop,hwannopgj@etsy.com,accuweather.com,1951-01-09,VqhQgkfeFuk
597,Horton,Pllu,hpllugk@answers.com,zimbio.com,1991-03-22,YTWjM7jcfZ6
598,Ollie,Epgrave,oepgravegl@canalblog.com,lulu.com,1955-11-22,csO9BP
599,Jacquenetta,Vesco,jvescogm@imdb.com,ebay.com,1968-05-23,Iw1Js5WG
600,Vernon,Portwaine,vportwainegn@uol.com.br,tripod.com,1979-04-30,59dj91dczp
601,Chicky,Langham,clanghamgo@github.com,wisc.edu,1980-01-30,GKgHkPyv
602,Bo,Fortune,bfortunegp@smugmug.com,gmpg.org,1996-11-12,vtwxtGl
603,Shep,Dobrovolny,sdobrovolnygq@geocities.com,drupal.org,1967-04-28,fbgAuF
604,Dmitri,Parram,dparramgr@gov.uk,ebay.com,1964-03-07,GYDQDUvuJbIk
605,Quentin,Spurritt,qspurrittgs@howstuffworks.com,thetimes.co.uk,1953-02-03,N9JBhy
606,Sharyl,Antognozzii,santognozziigt@nba.com,bandcamp.com,1983-08-03,E315hz
607,Carmine,Carff,ccarffgu@unblog.fr,i2i.jp,1963-10-02,ZT73LzQB
608,Gloriane,Foskin,gfoskingv@msu.edu,infoseek.co.jp,1981-03-05,ghs7nMk3k
609,Lind,Leibold,lleiboldgw@foxnews.com,smh.com.au,1987-09-19,SAr61uoSIwrJ
610,Yankee,Giraldon,ygiraldongx@tmall.com,goodreads.com,1974-03-06,tKUJtV
611,Berkly,Whorlton,bwhorltongy@wiley.com,mail.ru,1988-02-12,VdKRGzTd
612,Petrina,Bending,pbendinggz@jiathis.com,springer.com,1957-09-09,53u1rk77r
613,Betteanne,Kubelka,bkubelkah0@sciencedaily.com,google.ca,1995-10-16,TZF8XL4iN2
614,Babs,Pilkinton,bpilkintonh1@msn.com,jiathis.com,1964-10-03,4ZvFkOqDQ7w7
615,Sheelah,Lanmeid,slanmeidh2@youku.com,godaddy.com,1989-10-27,3xyFBt
616,Marcela,Tingey,mtingeyh3@ning.com,amazon.co.jp,1954-08-17,0j1Jtbin
617,Guthrey,OClovan,goclovanh4@delicious.com,latimes.com,1987-08-24,UT1MIS8JZ
618,Teena,Pinsent,tpinsenth5@apache.org,kickstarter.com,1993-07-13,05ujJJh
619,Worthington,McVane,wmcvaneh6@google.pl,prweb.com,1989-03-02,XfkLjXh
620,Jenny,Castleton,jcastletonh7@smugmug.com,fda.gov,1952-09-22,8HMUSPQ
621,Winston,Kilford,wkilfordh8@printfriendly.com,wordpress.com,1950-06-27,nhXoeuAUx
622,Rudy,Bischof,rbischofh9@theatlantic.com,kickstarter.com,1957-02-28,AozDv6Fb5
623,Shayne,Ornils,sornilsha@chronoengine.com,wordpress.com,1986-03-16,vFbLDow
624,Lockwood,Heber,lheberhb@google.fr,quantcast.com,1993-08-26,ITgpLvK4ME
625,Amanda,Leppingwell,aleppingwellhc@eventbrite.com,army.mil,1989-05-13,JP2AtWY
626,Dionysus,Setchell,dsetchellhd@reference.com,bluehost.com,1950-05-20,wjol8e88vHyn
627,Emeline,Maddyson,emaddysonhe@state.tx.us,who.int,1970-04-04,6yGNKZdJuCMO
628,Ertha,Mays,emayshf@uol.com.br,oracle.com,1959-09-12,wBprQy0
629,Dalia,Libri,dlibrihg@paypal.com,blogger.com,1968-11-10,YWVzNee
630,Haleigh,Eslinger,heslingerhh@taobao.com,1688.com,1989-02-09,iBp8oHiXbX9m
631,Alexandro,Davidovits,adavidovitshi@hao123.com,theglobeandmail.com,1977-08-26,hVyzp4T7VM
632,Dominique,Hassell,dhassellhj@cnet.com,hp.com,1980-06-23,FTpZrdP0SmO
633,Winne,Hens,whenshk@cornell.edu,cornell.edu,1966-07-17,8uRDOb
634,Ronnie,Paxforde,rpaxfordehl@nasa.gov,state.gov,1997-05-17,JoUHVVRUvm
635,Jillene,Daye,jdayehm@ebay.co.uk,upenn.edu,1969-11-25,P74pzM
636,Hercule,Middlebrook,hmiddlebrookhn@t-online.de,ft.com,1977-09-19,iUhWKa2
637,Martino,Binding,mbindingho@hc360.com,de.vu,1967-02-23,KjNI0R
638,Tawnya,Shimuk,tshimukhp@msn.com,harvard.edu,1966-08-23,H4FXsQf
639,Jamie,McShane,jmcshanehq@cdbaby.com,hc360.com,1964-05-23,SSuADr7zU
640,Patricia,Southers,psouthershr@wordpress.org,github.com,1952-11-28,PGwtigf
641,Vance,Virgin,vvirginhs@sciencedirect.com,squidoo.com,1967-04-17,sA9fWQv
642,Bobbe,Seneschal,bseneschalht@baidu.com,washingtonpost.com,1985-11-29,zUSaqBbbxE
643,Adrianna,Newbury,anewburyhu@nps.gov,slate.com,1990-04-02,DsnYBIWdT8
644,Merrilee,Vanderplas,mvanderplashv@ebay.co.uk,google.co.jp,1967-08-27,I9E7Lh
645,Abrahan,Torre,atorrehw@about.com,oracle.com,1972-02-22,9eH9ne2
646,Myrlene,Capehorn,mcapehornhx@soup.io,google.co.jp,1957-04-07,Eml6pK
647,Mehetabel,Durbyn,mdurbynhy@house.gov,mac.com,1976-07-09,ZOPgS1In
648,Wallie,Normansell,wnormansellhz@rediff.com,springer.com,1957-02-11,ZZQPB6UYKZrZ
649,Vince,Lube,vlubei0@yandex.ru,reddit.com,1987-09-04,NCyduUn
650,Allen,Scrivner,ascrivneri1@cisco.com,alexa.com,1991-07-24,bYieYt9y9
651,Evangelia,Melross,emelrossi2@nytimes.com,e-recht24.de,1950-02-17,SBBb2s6
652,Norine,Tabrett,ntabretti3@ucla.edu,nifty.com,1951-07-12,nyqsh40NzW
653,Melantha,Ells,mellsi4@ftc.gov,purevolume.com,1994-09-27,FFbieZT
654,Renado,Marling,rmarlingi5@netvibes.com,skyrock.com,1976-02-13,e5ZQWazbl
655,Emmerich,Northridge,enorthridgei6@jimdo.com,go.com,1956-08-10,kXQe71L35hME
656,Cathrine,Wenham,cwenhami7@theglobeandmail.com,google.com,1972-02-24,mYeaPOz
657,Naomi,Brilon,nbriloni8@cloudflare.com,sakura.ne.jp,1959-03-31,vXHxKlKB
658,Ron,Forten,rforteni9@soundcloud.com,biblegateway.com,1969-08-16,0TpSVQeD
659,Lisle,Emanuele,lemanueleia@goo.ne.jp,mapy.cz,1972-04-04,xHnyj0H
660,Jo,Hovenden,jhovendenib@nsw.gov.au,istockphoto.com,1966-01-16,mYZiUD
661,Maribelle,Dewer,mdeweric@engadget.com,shareasale.com,1955-09-15,Cvo0S5
662,Geraldine,Monelli,gmonelliid@addtoany.com,accuweather.com,1978-10-07,cDkgxYOnPB
663,Vivian,Leere,vleereie@addtoany.com,admin.ch,1952-08-10,8LfWdwdkjzt
664,Ariella,Mussotti,amussottiif@livejournal.com,usgs.gov,1957-07-06,7bt22KLmot
665,Cammy,Brader,cbraderig@google.fr,zdnet.com,1976-07-18,ynkxdy
666,Maurine,Jancy,mjancyih@jimdo.com,uiuc.edu,1963-05-04,iaUDxqo
667,Katusha,DiRuggero,kdiruggeroii@mail.ru,yahoo.com,1972-08-14,XYz4SQQ
668,Ugo,Malham,umalhamij@webeden.co.uk,taobao.com,1965-06-16,WJj14L
669,Kaile,Arunowicz,karunowiczik@tamu.edu,wisc.edu,1986-10-03,RVSAh41
670,Alic,Parratt,aparrattil@about.me,ow.ly,1960-07-07,9i34u3X7zyg
671,Gerrilee,Tolworthie,gtolworthieim@sohu.com,msn.com,1980-04-03,LKeXptWdH
672,Anabal,Peet,apeetin@umn.edu,sakura.ne.jp,1962-03-03,GkjT1F80a6e
673,Nomi,Littleton,nlittletonio@amazonaws.com,hexun.com,1958-09-22,dcRp31Pfn
674,Bonnibelle,Burnhard,bburnhardip@tmall.com,newsvine.com,1992-01-05,tiGCTx
675,De,Francesch,dfranceschiq@twitter.com,cisco.com,1952-01-04,2GhYuf
676,Nate,Rosewall,nrosewallir@freewebs.com,google.com.au,1981-03-30,5BjzBGqqTHg
677,Haroun,Crudge,hcrudgeis@hhs.gov,stumbleupon.com,1951-10-14,TQKeElC7qDi
678,Adrianne,MacCauley,amaccauleyit@ucsd.edu,symantec.com,1959-12-21,stRhmhhq
679,Alberta,Stronack,astronackiu@elegantthemes.com,blogtalkradio.com,1974-10-11,GcolJyGY
680,Leora,Vondra,lvondraiv@altervista.org,ebay.com,1958-01-26,r0lt30Qz
681,Lexie,Mille,lmilleiw@economist.com,narod.ru,1963-12-06,p0OirT63
682,Eada,Flatt,eflattix@smugmug.com,reverbnation.com,1963-11-29,4bGCLVl
683,Modestia,Berrill,mberrilliy@wired.com,51.la,1966-04-13,Q1FeE8cDaXcw
684,Izak,Staries,istariesiz@sogou.com,ucla.edu,1963-10-27,7xfbkXh3YS9M
685,Laverna,Lilleycrop,llilleycropj0@engadget.com,printfriendly.com,1977-07-14,Ub1LFax3IzN8
686,Athene,Storre,astorrej1@seesaa.net,imgur.com,1971-04-06,5LmPKnNDrzx
687,Trudi,Jakolevitch,tjakolevitchj2@canalblog.com,canalblog.com,1996-07-28,0AMfvHU4
688,Darwin,Lorenc,dlorencj3@twitter.com,geocities.com,1981-05-26,ptpOH1D
689,Hobie,Spering,hsperingj4@elpais.com,hatena.ne.jp,1954-09-13,hiOOUUxWo
690,Titos,Leyburn,tleyburnj5@statcounter.com,cbsnews.com,1956-06-19,itxYZ6zuko
691,Adria,Warfield,awarfieldj6@hexun.com,shareasale.com,1971-06-04,VAdNnNezKwTc
692,Viviana,Bricksey,vbrickseyj7@fema.gov,jimdo.com,1964-05-05,ZIIch33
693,Darla,DeMaine,ddemainej8@tumblr.com,msn.com,1996-04-05,BiRrKM8
694,Kevyn,MacMechan,kmacmechanj9@adobe.com,etsy.com,1969-12-12,uaMl7cXH3
695,Heywood,Goalby,hgoalbyja@posterous.com,mac.com,1980-06-09,htqovYU0
696,Tedda,Samms,tsammsjb@plala.or.jp,admin.ch,1964-01-15,ebW4Zt
697,Elwira,Hoyle,ehoylejc@lycos.com,sciencedirect.com,1962-06-20,v0tEi6U
698,Guenevere,Brayne,gbraynejd@stumbleupon.com,amazonaws.com,1955-07-14,zxF2eqbjn
699,Naoma,Barlee,nbarleeje@addtoany.com,pinterest.com,1975-12-09,Wb4xryrOv
700,Addi,Hurche,ahurchejf@yale.edu,virginia.edu,1992-11-10,WezSQJ9SxqjJ
701,Vinny,Kiely,vkielyjg@ehow.com,printfriendly.com,1982-03-16,dKG8I30xyj
702,Arnoldo,Tockell,atockelljh@gnu.org,bbb.org,1978-09-06,aGX5GK3v
703,Amandi,Orteaux,aorteauxji@amazon.com,admin.ch,1974-05-11,Siv19VH4X6
704,Frasier,Diggle,fdigglejj@barnesandnoble.com,elpais.com,1993-09-13,LZMrP6Ww7rub
705,Marlena,McRannell,mmcrannelljk@prlog.org,domainmarket.com,1982-02-12,DlQgGxPHIcX
706,Graehme,Mordanti,gmordantijl@cyberchimps.com,ucla.edu,1963-04-23,FwRDYmlvf
707,Rubetta,Harrill,rharrilljm@ehow.com,photobucket.com,1974-06-25,wnb7a5P
708,Rickie,Cheek,rcheekjn@google.es,simplemachines.org,1953-05-01,9OHt7m727
709,Emma,Cockarill,ecockarilljo@harvard.edu,clickbank.net,1966-05-01,olxUXqViicht
710,Gladys,Mordan,gmordanjp@imgur.com,microsoft.com,1994-10-11,zoQ52G
711,Ginevra,Shillinglaw,gshillinglawjq@comsenz.com,hp.com,1999-05-24,LKRKOm
712,Rafferty,Hullbrook,rhullbrookjr@digg.com,chicagotribune.com,1971-01-13,FFwScx91qomD
713,Shermie,Beddoe,sbeddoejs@behance.net,loc.gov,1997-01-31,8YCc2Mc5G
714,Ivan,Garlee,igarleejt@odnoklassniki.ru,hostgator.com,1970-11-12,1HDW2LN6Wm
715,Claire,Bunton,cbuntonju@friendfeed.com,oaic.gov.au,1976-01-27,3pQ3qWfO
716,Alfredo,Callear,acallearjv@wordpress.com,surveymonkey.com,1970-12-23,iisg1I
717,Elie,Bolger,ebolgerjw@free.fr,scientificamerican.com,1975-04-27,NfxZfN
718,Basil,Farey,bfareyjx@theatlantic.com,blogs.com,1977-10-21,aOAuAJ7o9a
719,Levey,MacGilrewy,lmacgilrewyjy@springer.com,ft.com,1995-04-27,NbCMhrfaai9G
720,Bea,Dorey,bdoreyjz@ow.ly,symantec.com,1964-07-27,6fFRrjAPTK
721,Harriette,Armand,harmandk0@state.gov,microsoft.com,1980-10-11,l1WDbtofWQA1
722,Homer,Pere,hperek1@ibm.com,usatoday.com,1968-03-30,GE42NRWKlBa
723,Grantley,Burchett,gburchettk2@goodreads.com,ucsd.edu,1980-09-26,ulVte4QhHdoW
724,Hildegarde,Ottawell,hottawellk3@i2i.jp,xing.com,1953-01-18,kc0VM99n7
725,Tally,Reucastle,treucastlek4@irs.gov,seattletimes.com,1957-10-14,OgsDnlnc
726,Odie,Antcliffe,oantcliffek5@bizjournals.com,mlb.com,1969-12-04,weXpgI
727,Fairleigh,Trouel,ftrouelk6@wiley.com,sbwire.com,1956-03-11,jZ5wu6f3ThS
728,Wendell,Sapena,wsapenak7@stumbleupon.com,g.co,1997-09-07,CLNrZnhWJW
729,Bertina,Brandenberg,bbrandenbergk8@cornell.edu,amazon.com,1972-05-08,KuGYXbRZA7X
730,Merrel,Kerridge,mkerridgek9@creativecommons.org,ovh.net,1990-06-11,regGXj
731,Erina,Eleshenar,eeleshenarka@thetimes.co.uk,slate.com,1993-07-07,8OLlePnI
732,Imelda,Ryhorovich,iryhorovichkb@marriott.com,loc.gov,1985-06-02,yxUHEZZg70gH
733,Brynne,Bullon,bbullonkc@indiatimes.com,bravesites.com,1999-12-09,rVJGQ6GTmi
734,Bennie,Jovasevic,bjovasevickd@sciencedaily.com,digg.com,1984-05-26,T4XK4Rw0pnc
735,Davine,Mardling,dmardlingke@gmpg.org,usatoday.com,1950-10-11,cczwtFjH0trv
736,Etienne,Farington,efaringtonkf@state.tx.us,istockphoto.com,1966-01-25,Aiia1Kr
737,Millisent,Dietmar,mdietmarkg@sourceforge.net,ning.com,1966-12-20,8bLJUMCc
738,Gale,Calafate,gcalafatekh@skype.com,free.fr,1966-03-24,H3WTJcBi
739,Allyson,Brend,abrendki@time.com,biblegateway.com,1996-07-04,3tiac8
740,Mignon,Flatley,mflatleykj@goo.ne.jp,imdb.com,1987-10-10,BSEALApgc
741,Elmo,Fearon,efearonkk@tripadvisor.com,cnbc.com,1956-07-02,fSS2ZA8
742,Johnny,Fraser,jfraserkl@weibo.com,arizona.edu,1982-03-01,kKepCtW9Z508
743,Bonnibelle,Kynvin,bkynvinkm@biglobe.ne.jp,aboutads.info,1975-06-19,WL4EZF
744,Beverie,Anning,banningkn@unc.edu,ameblo.jp,1988-06-09,f1xcQn5ZLI
745,Cassandra,Piers,cpiersko@sitemeter.com,alexa.com,1997-02-07,bZC3ZKX
746,Guido,Bardnam,gbardnamkp@1688.com,sina.com.cn,1993-06-05,EsNXQ5N
747,Barbabra,Neely,bneelykq@deviantart.com,time.com,1997-05-26,g7TC1l
748,Amby,Brockie,abrockiekr@nytimes.com,jalbum.net,1955-02-10,mnz9trSoOq8u
749,Jeremiah,Groomebridge,jgroomebridgeks@ca.gov,illinois.edu,1991-04-11,tzzJgvSkkGeh
750,Shirlene,Nehlsen,snehlsenkt@google.com.hk,accuweather.com,1984-10-22,kR6qFJB9sn
751,Querida,Footer,qfooterku@digg.com,slashdot.org,1980-12-21,jI7PHj2v5ajb
752,Teresita,Woofinden,twoofindenkv@fastcompany.com,mtv.com,1992-06-27,0DXKiIw9XEld
753,Rip,Martinuzzi,rmartinuzzikw@canalblog.com,sphinn.com,1988-12-07,wN4VQwR2N
754,Bucky,Halversen,bhalversenkx@storify.com,alibaba.com,1971-03-13,7XBixy
755,Ebonee,McGowing,emcgowingky@wikipedia.org,va.gov,1970-09-12,5P4FfEO
756,Lindon,Kayzer,lkayzerkz@xrea.com,purevolume.com,1978-09-25,ZBlEkidrt
757,Antonio,Storrock,astorrockl0@privacy.gov.au,thetimes.co.uk,1973-08-16,DDG4VET
758,Torey,Erickssen,terickssenl1@dailymotion.com,wufoo.com,1951-03-07,b5hVMH60N
759,Meredithe,Patise,mpatisel2@bbb.org,php.net,1991-06-22,OYhY0E
760,Esme,Claypole,eclaypolel3@npr.org,sakura.ne.jp,1985-01-22,zFeB1uKWE41c
761,Antons,Balsdone,abalsdonel4@bravesites.com,cornell.edu,1989-08-14,8GGxW4UWzK
762,Lolita,Neller,lnellerl5@indiegogo.com,phpbb.com,1964-08-11,fP2efYDAZ
763,Halli,Souter,hsouterl6@netscape.com,geocities.jp,1950-03-23,MjyInE8gDvF
764,Seumas,Birmingham,sbirminghaml7@usnews.com,vistaprint.com,1976-06-09,8GE6SbrgI
765,Blake,Greer,bgreerl8@webs.com,google.co.jp,1995-02-15,LjLo1qh
766,Devi,Robens,drobensl9@topsy.com,mozilla.com,1953-04-09,1iMOJ4FEf5N
767,Tim,Poulton,tpoultonla@google.it,reference.com,1966-03-14,8ExxCfJUzmeF
768,Ki,Tilby,ktilbylb@reuters.com,example.com,1973-10-30,Gjp7hHEEjt7m
769,Uriel,Satterthwaite,usatterthwaitelc@bluehost.com,feedburner.com,1974-08-12,rRIQY3qokfs
770,Matt,Normandale,mnormandaleld@bbb.org,economist.com,1964-05-08,gqkQee05qc
771,Patrizia,Eagger,peaggerle@sfgate.com,who.int,1953-02-12,JA97ew1Yys00
772,Elsy,Decent,edecentlf@geocities.jp,friendfeed.com,1967-12-01,dD5cCkkk7
773,Mendy,Edling,medlinglg@alibaba.com,blogtalkradio.com,1993-03-14,7Dnklg5
774,Silas,Hardiman,shardimanlh@ehow.com,paypal.com,1997-07-20,vYYgZ8IOClPA
775,Dominique,Frostick,dfrostickli@nps.gov,unicef.org,1985-04-08,tG5mQ0
776,Anabal,Cuthbertson,acuthbertsonlj@aboutads.info,quantcast.com,1966-03-13,arHIS8
777,Laurens,Kidgell,lkidgelllk@ucla.edu,google.com.au,1967-04-30,gX2ZhvEdp
778,Stavro,Beddoe,sbeddoell@wisc.edu,github.io,1997-09-01,ssssHUrFYrMj
779,Jemmie,Styles,jstyleslm@goo.gl,apache.org,1990-11-20,lbVji4
780,Nickey,Saunder,nsaunderln@naver.com,xrea.com,1958-02-28,jUOCHC6
781,Lydia,Lampel,llampello@springer.com,dailymotion.com,1974-03-29,9OaqUi
782,Carny,Mowsdill,cmowsdilllp@marketwatch.com,github.com,1995-07-17,1SUjIer
783,Red,Gerleit,rgerleitlq@howstuffworks.com,posterous.com,1957-03-01,uTzLqMC
784,Celie,Mohammed,cmohammedlr@harvard.edu,surveymonkey.com,1965-10-03,Y1JrON
785,Tammy,Andersson,tanderssonls@twitpic.com,java.com,1985-06-03,iqA1FZ6F8kI
786,Melany,Sanper,msanperlt@whitehouse.gov,bigcartel.com,1966-02-27,yxJOjZXtd
787,Haily,Sturmey,hsturmeylu@nps.gov,toplist.cz,1954-02-24,kwH73enJhjT9
788,Auria,Nore,anorelv@arizona.edu,nbcnews.com,1959-02-28,a1sXPcv3gi7
789,Keslie,Abelov,kabelovlw@ow.ly,jigsy.com,1999-06-12,XyzxvmD
790,Aggi,Bockett,abockettlx@dailymotion.com,vistaprint.com,1960-06-04,g8LvaO7i2mpC
791,Brianne,Atlay,batlayly@wp.com,163.com,1957-03-29,Mo7DWsdDfjd
792,Chanda,Bielfeldt,cbielfeldtlz@foxnews.com,hostgator.com,1971-09-12,bKzHjhwpwah
793,Averil,Kick,akickm0@smugmug.com,ovh.net,1972-12-30,VyJUgSl
794,Gert,Rennels,grennelsm1@bandcamp.com,chronoengine.com,1976-10-18,EGCaQJ9RCx6b
795,Anjela,Southcott,asouthcottm2@furl.net,comsenz.com,1964-01-14,57YsChAczeX
796,Barnie,Danielli,bdaniellim3@mail.ru,who.int,1952-02-11,Gqs8GTNIC1F
797,Mona,Geany,mgeanym4@sciencedirect.com,dion.ne.jp,1994-05-12,uAZmbGFYeph
798,Anni,Bannard,abannardm5@discuz.net,marriott.com,1969-11-05,ucqvC1iKVCy
799,Bordie,Casford,bcasfordm6@mlb.com,free.fr,1992-06-28,Y64GyRrJQmmo
800,Briant,OGrady,bogradym7@t.co,dedecms.com,1999-11-05,55xKXN